220Win 111	3_4
Abbott 161	3_22
Abbott 165	118_792
Abbott B15	1256_3350
Ach_A 01	2033_4469
Ach_A 02	1607_3731
Ach_A 03	1334_3015
Ach_A 04	1303_3195
Ach_A 05	1255_2788
Ach_A 07	1065_2520
Ach_A 08	670_1080
Ach_A 17	644_1560
Ach_A 18	215_220
Alfier 102	22274_52752
Alfier 103	12390_23822
Alfier 104	23073_48720
Alfier 205	968_1610
Allen 100	46_300
Allen 101	10_24
Allen 106	22_24
Allen 205	15_15
Alumni 01	1843_7744
Alumni 121	720_1830
Alumni 144	232_236
Alumni 145	456_472
Alumni 152	22_22
Alumni 153	4_8
Alumni 154	13_15
Alumni 155	6_6
Alumni 173	149_224
Alumni 175	10358_14196
Alumni 186	30_86
Alumni 187	20_102
Alumni 188	2269_11325
Alumni 189	31_135
Alumni 190	4026_10242
Alumni 191	7_21
Alumni 192	39_68
Alumni 193	14_36
Alumni 194	16_24
Alumni 195	3516_7215
Alumni 195C	10_99
Alumni 196	30_67
Alumni 197	9_30
Alumni 198	48_76
Alumni 21	175_234
Alumni 214D	1_1
Alumni 272	11_106
Alumni 273	6_40
Alumni 274	10_62
Alumni 275	16_120
Alumni 276	28_101
Alumni 277	11_74
Alumni 278	34_74
Alumni 282	3_75
Alumni 283	35_294
Alumni 285	3_10
Alumni 55	1_1
Alumni 66	893_1000
Alumni 70	978_1065
Alumni 75	13551_16300
Alumni 76	5214_17710
Alumni 86	4579_27180
Alumni 87	15_24
Alumni 88	15686_30628
Alumni 90	14648_29415
Alumni 97	36957_80900
Anders 206	798_3090
Baird 111	903_2048
Baird 201	47_165
Baird 204	58_98
Baird 206	54_106
Baird 210	11_39
Baird 211	12214_29750
Baird 214	129_209
Baird 216	64_81
Baird 220	2_6
Baird 222	45_53
Baird 226	1_3
Baird 227	3016_8762
Baird 228	13_32
Baird 230	57_90
Baird 232	4_4
Baird 234	48_70
Baird 236	16_20
Baird 237	84_140
Baird 240	182_344
Baird 250	20965_74290
Baird 301	13_13
Baird 302	31_34
Baird 304	140_219
Baird 306	14_46
Baird 307	34_36
Baird 308	59_121
Baird 309	17_17
Baird 310	54_95
Baird 311	11_32
Baird 312	100_137
Baird 313	10_12
Baird 314	70_264
Baird 315	19_22
Baird 316	71_84
Baird 318	2080_6100
Baird 327	4251_8460
Baird 352	674_2670
Baird 402	334_723
Baird 406	130_261
Baird 410	77_147
Baird 411	22_43
Baird 413	96_232
Baird 414	274_507
Baird 417	42_54
Baird 418	401_1140
Baird 420	53_93
Baird 422	54_117
Baird 430	159_227
Baird 432	50_81
Baird 434	31_37
Baird 436	57_88
Baird 438	5_6
Baird 441	8_8
Baird 442	33_61
Baird 444	52_176
Baird 446	46_86
Baird 448	28_52
Baird 450	51_73
Baird B18	135_234
Baird B20	124_496
Baird B33	961_2225
Baldy 02	129_385
Baldy 03	26_105
Baldy 05	272_1125
Baldy 08F	211_560
Baldy 101	39489_96700
Baldy 104	0_5
Baldy 105	16391_22594
Baldy 106	14355_20340
Baldy 107	15502_22272
Baldy 108	30776_56760
Baldy 109	14959_20370
Baldy 11	30_45
Baldy 110	30064_56396
Baldy 111	15452_20447
Baldy 112	9334_15340
Baldy 113	14249_18546
Baldy 114	12878_17703
Baldy 115	13360_19380
Baldy 117	20647_29088
Baldy 118	12081_16380
Baldy 119	12885_16821
Baldy 12	306_334
Baldy 120	8064_13500
Baldy 121	11540_15225
Baldy 123	11970_15120
Baldy 125	12133_15750
Baldy 126	10495_13820
Baldy 127	11647_15162
Baldy 12A	1271_4598
Baldy 14	3763_7455
Baldy 14A	1123_4150
Baldy 15	36_61
Baldy 16	15_30
Baldy 17	514_804
Baldy 19	3826_7566
Baldy 200C	2099_2400
Baldy 200G	4520_19350
Baldy 204	4_12
Baldy 206	20189_24449
Baldy 208	5_5
Baldy 209	935_2451
Baldy 21	13304_35219
Baldy 210	1022_1050
Baldy 212	14_18
Baldy 213	64_68
Baldy 214	1705_2618
Baldy 215	1_19
Baldy 216	3538_6375
Baldy 217	42_79
Baldy 218	3737_11656
Baldy 221	15_15
Baldy 222	2_2
Baldy 301	15_16
Baldy 303	9_9
Baldy 304	10_12
Baldy 305	10_10
Baldy 306	18_18
Baldy 309	5_5
Baldy 311	14_14
Baldy 313	40_46
Baldy 320	97_102
Baldy 325	14_30
Baldy 327	1_2
Baldy 331	2_4
Baldy 332	8_8
Baldy 333	2_4
Baldy 334	12_40
Baldy 335	0_5
Baldy 336	3403_25350
Baldy 337	0_1
Baldy 347	2_2
Baldy 352	17_70
Baldy 354	25_140
Baldy 357	18_18
Baldy 361	1_4
Baldy 363	1_1
Baldy 367	54_148
Baldy 375	66_264
Baldy 376	17_17
Baldy 379	48_108
Baldy 379A	24_48
Baldy 379C	3_3
Baldy 381	20_20
Baldy 401	13_30
Baldy 402	16_24
Baldy 403	12_36
Baldy 404	64_132
Baldy 405	10_15
Baldy 407	4_4
Baldy 408	14_14
Baldy 409	65_81
Baldy 412	4_4
Baldy 413	1_3
Baldy 414	14_37
Baldy 415	3572_6210
Baldy 417	17_35
Baldy 418	9_30
Baldy 419	29_78
Baldy 420	19_33
Baldy 421	16_30
Baldy 422	7_44
Baldy 423	12_25
Baldy 424	14_47
Baldy 425	3854_9744
Baldy 426	59_74
Baldy 427	4_5
Baldy 428E	3_3
Baldy 430	48_92
Baldy 431	43_93
Baldy 434	48_71
Baldy 462	2_2
Baldy 464	4_6
Baldy 466	32_57
Baldy 467	4_4
Baldy 468	36_128
Baldy 469	2_2
Baldy 470	59_79
Baldy 471	29_63
Baldy 473	30_64
Baldy 474	2964_5040
Baldy 475	39_54
Baldy 476	1668_3444
Baldy 477	43_69
Baldy 478	27_50
Baldy 479	7730_15652
Baldy 481	7_13
Baldy 482	51_72
Baldy 484	7_70
Baldy 485	64_99
Baldy 486	46_92
Baldy 487	36_66
Baldy 497	4_4
Baldy 501	0_2
Baldy 502	0_2
Baldy 503	8_10
Baldy 505	536_1302
Baldy 509	88_120
Baldy 513	4_15
Baldy 520	1_2
Baldy 522	25_57
Baldy 524	46_159
Baldy 526	58_252
Baldy 528	16_29
Baldy 530	31_40
Baldy 536	64_214
Baldy 537	55_197
Baldy 538	78_135
Baldy 539	52_169
Baldy 540	81_224
Baldy 541	95_160
Baldy 544	38_96
Baldy 545	88_158
Baldy 546	53_132
Baldy 547	77_142
Baldy 548	39_170
Baldy 549	11_78
Baldy 552	15_93
Baldy 553	703_4750
Baldy 554	2_2
Baldy 555	9460_72792
Baldy 560	129_136
Baldy 566	1_1
Baldy 569	2_2
Baldy 572	1_1
Baldy 587	1_1
Baldy 588	1_1
Baldy 593	810_2085
Baldy 594	1524_3225
Baldy 602	8_74
Baldy 603	1426_7520
Baldy 604	30_58
Baldy 605	2_7
Baldy 606	13_38
Baldy 607	0_30
Baldy 609	0_6
Baldy 610	25_61
Baldy 611	10_44
Baldy 613	2_2
Baldy 614	5_5
Baldy 616	24_48
Baldy 617	55_132
Baldy 618	40_54
Baldy 620	62_88
Baldy 621	9_84
Baldy 622	36_190
Baldy 623	0_5
Baldy 624	31_162
Baldy 626	16_146
Baldy 627	13_54
Baldy 628	25_157
Baldy 629	3_3
Baldy 630	13_88
Baldy 631	74_708
Baldy 632	17_138
Baldy 633	47_168
Baldy 635	1_4
Baldy 636	1_7
Baldy 637	0_7
Baldy 638	1_4
Baldy 639	1_2
Baldy 642	56_75
Baldy 645	3_7
Baldy 647	0_1
Baldy 648	3_6
Baldy 652	0_6
Baldy 653	181_300
Baldy 656	4_34
Baldy 656A	1_2
Baldy 657	35_165
Baldy 658	58_225
Baldy 660	103_222
Baldy 662	39_198
Baldy 663	3_180
Baldy 664	18_50
Baldy 665	9_143
Baldy 666	14_66
Baldy 667	4_108
Baldy 668	31_136
Baldy 669	122_336
Baldy 670	99_218
Baldy 671	27_87
Baldy 672	40_141
Baldy 677	38_55
Baldy 680	78_537
Baldy 681	26_57
Baldy 683	14_113
Baldy 684	4880_25623
Baldy 689	1_2
Beck 02	59_504
Beck 102	3_32
Bell 123	12_34
Bell 125	11_24
Bell 126	1212_10384
Bell 127	52_69
Bell 128	2_2
Bell 129	46_67
Bell 130	19_39
Bell 131	31_43
Bell 132	2_2
Bell 135	55_99
Bell 136	44_164
Bell 137	30_42
Bell 138	12456_26598
Bell 140	4_4
Bell 201	58_140
Bell 207	17_63
Bell 209	10_37
Bell 210	44_81
Bell 211	1_1
Bell 212	45_88
Bell 213	35_50
Bell 214	23_35
Bell 217	27_51
Bell 218	10_10
Bell 219	5_17
Bell 220	24_26
Bell 221	18_27
Bell 223	1_1
Bell 224	1837_20262
Bell 226	5_12
Bell 229	2_2
Bell 233	2_2
Bell 235	28_45
Bell 236	8_11
Bell 237	17_20
Bell 238	11_22
Bell 240	136_286
Bell 241	26_58
Bell 242	540_1616
Bell 243	27_49
Bell 244	33_64
Bell 245	2_2
Bell 246	11_21
Bell 248	2_2
Bell 250	115_210
Bell 312	2_2
Bell 318	6_18
Bell 320	4_4
Bell 322	10_11
Bell 324	4_4
Bell 325	10942_15918
Bell 326	42_120
Bell 327	260_447
Bell 330	15_20
Bell 337	27568_51376
Bell 338	63_68
Bell 340	7696_15596
Bell 340C	910_3420
Bell 341	222_312
Bell 342	106_191
Bell 405	1_1
Bell 421	617_1210
Bell 427	276_378
Bell 428	410_1600
Bell 429	4_7
Bell 432	9_60
Bell 435	2240_10200
Bell 437	1_16
Bell 438	386_942
Bell 438A	5_10
Bioed 125	18_24
Bioed 23	1_1
Bioed 230	1957_4008
Bioed 235	2939_3372
Bioed 240	1854_3132
Bioed 250	1043_3690
Bioed 258	493_1500
Bioed 259	2171_2784
Bioed 262	583_1260
Bioed 264	957_1056
Bioed 266	610_2520
Bioed 333	2710_7128
Bioed 350	66_144
Bioed 353	240_936
Bioed 356	50_520
Bioed 358	513_792
Bioed 40	3_5
Bioed 52	4_4
Bioed 81	59_75
Bioed 84	128_162
Biores 101	180_260
Biores 102	0_2
Biores 106	1_50
Biores 108	3_60
Biores 109	0_17
Biores 111	7_19
Biores 112	5_91
Biores 113	2_5
Biores 117	9_25
Biores 122	8_80
Biores 140	0_7
Biores 143	8_26
Biores 145	0_2
Biores 146	6_19
Biores 147	12_14
Biores 201	16_20
Biores 210	7_21
Biores 213	7_18
Biores 217	6_13
Biores 219	5_8
Biores 230	14_64
Biores 249	20_41
Biores 250	7_7
Biores 251	6_8
Biores 253	17_26
Biores 351	3_5
Biores 356	24_60
Biores 362	1_1
Biores 401	120_360
Biores 405	2_2
Biores 416	8_8
Biores 420	3_36
Biores 451	2_2
Biores 460	9_10
Biores 461	70_210
Biores 501	181_440
Biores 506	17_120
Biores 513	2_5
Biores 517	1_1
Biores 522	12_57
Biores 528	15_36
Biores 536	2_3
Biores 540	23_46
Biores 546	4_4
Biores 547	5_5
Biores 550	3_8
Biores 560	4_4
Biores 561	4_6
Biores 606	21_44
Biores 610	47_56
Biores 613	8_18
Biores 619	1_3
Biores 620	17_84
Biores 622	21_26
Biores 630	41_57
Biores 636	60_180
Biores 644	58_152
Biores 647	0_1
Biores 649	0_5
Biores 651	4_5
Biores 653	3_5
Biores 656	67_273
Biores 660	69_186
Bonner 117	40_100
Bonner 119	28_52
Bonner 120	4_6
Bonner 126	6_6
Bonner 127	2_2
Bonner 201	2_2
Bonner 210	5_5
Bonner 210A	3_12
Bonner 212	303_1680
Bonner 214	1_1
Bonner 215A	1_3
Bonner 215C	2_2
Bonner 215F	2_2
Bonner 217A	415_2580
Bonner 217B	1_1
Bonner 217C	0_1
Bonner 218	1_1
Bonner 309	3_3
Bonner 312	4_4
Bonner 312B	6_8
Bonner 314A	7_12
Bonner 316	1_1
Bonner 332	837_2058
Bonner 332F	248_463
Bonner 410	11_130
Bonner 412	33_148
Bonner 412A	40_216
Bonner 414	423_1480
Capen 10	34643_69768
Capen 107	184_336
Capen 108	3506_5880
Capen 109	2554_4470
Capen 110	2821_4650
Capen 12	1_1
Capen 127	186_230
Capen 128	2_2
Capen 201	8839_18800
Capen 201A	3453_7896
Capen 207	120_329
Capen 212	174_228
Capen 221	2_2
Capen 252	8186_15750
Capen 255	421_492
Capen 257	8750_16716
Capen 258	22447_35595
Capen 259	213_408
Capen 260	24718_43860
Capen 262	37354_61306
Capen 263	406_410
Capen 267	3_3
Capen 31	1657_3510
Capen 402	51_54
Capen 435	0_30
Capen 528	9_10
Capen 541	4_4
Capen 544	2_2
Capen 548	0_100
Capen 549	2_4
Capen 562	6_16
Capen 567	179_264
Cary 01	32_42
Cary 03	25_32
Cary 04	27_52
Cary 05	8_15
Cary 06	10_66
Cary 104	8_31
Cary 104B	17_165
Cary 104C	3_3
Cary 105	52_192
Cary 105A	18_24
Cary 106	322_1335
Cary 107	9_198
Cary 108	30_188
Cary 109	12_22
Cary 11	2_27
Cary 112	12_19
Cary 114	8_8
Cary 116	18_18
Cary 118	3_3
Cary 120	3_3
Cary 122C	810_1520
Cary 137A	1_4
Cary 137B	1_4
Cary 137H	1_4
Cary 137K	1_4
Cary 137N	1_4
Cary 137S	1_4
Cary 14	4_70
Cary 18	236_416
Cary 205	1_6
Cary 206	36_204
Cary 22	12_12
Cary 224	22_22
Cary 231	29_32
Cary 238	0_42
Cary 240	2_2
Cary 242	2_4
Cary 244	3733_5700
Cary 245	104_104
Cary 26	89_396
Cary 28	11_28
Cary 28A	4_4
Cary 30	1072_4500
Cary 301	13_624
Cary 305	15_224
Cary 306	2_33
Cary 315	1_1
Cary 317	6_9
Cary 318	119_471
Cary 320	96_540
Cary 321	20_216
Cary 324	81_304
Cary 33	124_288
Cary 339	13_30
Cary 34	21_175
Cary 38	144_380
Cary 38A	1_1
Cary 38B	64_224
Cary 42	95_95
Cary 44	29_43
Cfa 108	1_1
Cfa 112	12337_70400
Cfa 117	4891_9702
Cfa 118	3408_9460
Cfa 119	1_5
Cfa 123	38_92
Cfa 125	4_6
Cfa 127	0_23
Cfa 129	35_92
Cfa 130	1_16
Cfa 131	14_48
Cfa 133	4_32
Cfa 135	219_560
Cfa 136	4725_6034
Cfa 137	2_5
Cfa 138	59_67
Cfa 139	39_70
Cfa 140	403_897
Cfa 141	58_260
Cfa 142	1330_5536
Cfa 144	11145_26016
Cfa 146	2614_5523
Cfa 170	2046_64440
Cfa 202	7_21
Cfa 202D	6_10
Cfa 203	2596_14190
Cfa 207	13_182
Cfa 208	2681_3168
Cfa 209	10_28
Cfa 210	2884_4986
Cfa 211	6_21
Cfa 212	26_210
Cfa 213	2343_2790
Cfa 214	22_266
Cfa 215	1576_2538
Cfa 218	2345_4536
Cfa 219	14_140
Cfa 220	890_16994
Cfa 225	16_18
Cfa 225A	39_68
Cfa 226	34_78
Cfa 226A	76_130
Cfa 227	51_91
Cfa 227A	20_55
Cfa 228	42_140
Cfa 228A	71_131
Cfa 229	63_119
Cfa 229A	43_74
Cfa 230	27_48
Cfa 230A	19_51
Cfa 231	59_357
Cfa 232	4673_15480
Cfa 235	4961_17070
Cfa 238	352_4092
Cfa 241	1_8
Cfa 242	2545_6027
Cfa 243A	1_1
Cfa 244	5328_11487
Cfa 246	2096_8862
Cfa 247	3_3
Cfa 248A	1_1
Cfa 250	7_8
Cfa 251	1_3
Cfa 252	288_588
Cfa 261	14_60
Cfa 265	79_264
Cfa 266	71_148
Cfa 271	6_24
Cfa 272	4_17
Cfa 278	1442_5082
Cfa 280	1_4
Cfa 284	3_7
Cfa 285	1_1
Cfa 286	3113_6840
Cfa 287	11_15
Cfa B13	626_1920
Cfa B14	1571_3240
Cfa B16	1_1
Cfa B17	307_936
Cfa B18	8_11
Cfa B19	24_56
Cfa B20	8_16
Cfa B21	3_20
Cfa B22	1_77
Cfa B23	218_559
Cfa B24	21_27
Cfa B25	205_612
Cfa B26	22_40
Cfa B27	163_1036
Cfa B34	16_29
Cfa B35	12_77
Cfa B36	1_7
Cfa B37	992_7134
Cfa B38	1626_11800
Cfa B52	15_20
Cfa B57	1_2
Cfa B60	1_1
Cfa B76	2125_5369
Cfa B81	177_1456
Cfa B82	11073_58120
Cfa B83	4987_31950
Cfa B84	10950_68360
Cfa B85	77_148
Cfa B89	2_2
Cfa B92	32_1026
Cfa B93	5_14
Clark 105	36_36
Clark 117	960_2680
Clark 301	2_2
Clemen 04	30122_53235
Clemen 06	29408_51435
Clemen 1001	85_131
Clemen 1002	18_18
Clemen 1003	91_142
Clemen 1004	4333_29925
Clemen 1005	56_84
Clemen 1007	19_19
Clemen 1009	32_46
Clemen 1010	248_908
Clemen 1010A	23_27
Clemen 1010B	25_27
Clemen 1010C	17_17
Clemen 1010D	24_28
Clemen 1010E	8_16
Clemen 1011	39_60
Clemen 1013	10_37
Clemen 1015	8_58
Clemen 102	14302_20723
Clemen 1021	63_112
Clemen 1023	39_101
Clemen 1025	14_39
Clemen 1026	3_3
Clemen 1028	27_60
Clemen 1029	0_1
Clemen 103	27899_49456
Clemen 1030	7136_8112
Clemen 1031	6_7
Clemen 1032	424_1914
Clemen 1033	3_3
Clemen 1035	1_2
Clemen 104	13686_18285
Clemen 106	13666_17336
Clemen 107	12936_16390
Clemen 108	11590_14835
Clemen 117	11256_14421
Clemen 119	28469_49905
Clemen 120	5754_10200
Clemen 123	12335_17402
Clemen 128	3785_4272
Clemen 128A	40_120
Clemen 17	30284_53685
Clemen 19	30444_57330
Clemen 201	258_274
Clemen 202	11149_14490
Clemen 203	352_352
Clemen 204	11733_14847
Clemen 206	11043_14421
Clemen 215	12267_17292
Clemen 217	12078_16720
Clemen 218	3858_7074
Clemen 219	11369_15708
Clemen 220	10629_13838
Clemen 221	10860_15224
Clemen 222	24_24
Clemen 224	822_2364
Clemen 301	14_20
Clemen 302	28_32
Clemen 303	62_76
Clemen 305	1_2
Clemen 306	977_8202
Clemen 307	14_16
Clemen 309	3375_17592
Clemen 311	13_33
Clemen 313	4_4
Clemen 315	1_62
Clemen 317	2_2
Clemen 318	767_3192
Clemen 319	36_85
Clemen 320	87_306
Clemen 321	9_15
Clemen 322	37558_70119
Clemen 323	8_83
Clemen 325	4_18
Clemen 401	52_88
Clemen 403	36_104
Clemen 405	12_48
Clemen 407	16_51
Clemen 409	35_87
Clemen 411	42_93
Clemen 412	2359_6531
Clemen 413	11_93
Clemen 415	27_112
Clemen 427	34_108
Clemen 429	22_73
Clemen 431	20_77
Clemen 433	16_62
Clemen 435	31_108
Clemen 436	6982_25560
Clemen 437	19_55
Clemen 438	495_916
Clemen 439	35_85
Clemen 441	2_42
Clemen 501	31_75
Clemen 503	33_83
Clemen 505	47_99
Clemen 506	39_51
Clemen 507	26_83
Clemen 509	38_96
Clemen 511	41_155
Clemen 513	16_80
Clemen 515	7_31
Clemen 531	23_83
Clemen 533	35_98
Clemen 535	3_81
Clemen 537	41_93
Clemen 538	2498_11175
Clemen 539	32_88
Clemen 540	733_2284
Clemen 541	45_92
Clemen 543	6_38
Clemen 545	40_88
Clemen 601	4_4
Clemen 606	2640_23264
Clemen 607	0_19
Clemen 608	319_510
Clemen 610	629_1224
Clemen 612	14_30
Clemen 615	10_69
Clemen 618	2_4
Clemen 631	13_26
Clemen 632	1_14
Clemen 633	39_93
Clemen 634	1_14
Clemen 635	19_48
Clemen 637	41_70
Clemen 638	27_68
Clemen 639	44_69
Clemen 640	5769_30100
Clemen 641	48_76
Clemen 643	27_64
Clemen 645	29_68
Clemen 703	2_2
Clemen 705	1_2
Clemen 706	12_12
Clemen 707	2_2
Clemen 708	550_3429
Clemen 709	21_51
Clemen 711	22_48
Clemen 712	406_3030
Clemen 712A	13_17
Clemen 712B	10_15
Clemen 713	16_49
Clemen 714	170_208
Clemen 715	7_21
Clemen 725	2_2
Clemen 728	3_12
Clemen 729	3_3
Clemen 732	41_429
Clemen 733	3_3
Clemen 734A	422_7490
Clemen 735	2_3
Clemen 736A	41_85
Clemen 736B	13_26
Clemen 737	4_4
Clemen 738	5_5
Clemen 739	15_44
Clemen 740	14_24
Clemen 744	13_13
Clemen 809	5_5
Clemen 810	2_4
Clemen 830	6_24
Clemen 838	3_4
Clemen 901	4_21
Clemen 902	157_950
Clemen 903	6_29
Clemen 904	358_21900
Clemen 905	13_27
Clemen 907	16_34
Clemen 909	2_13
Clemen 910	64_162
Clemen 911	1_1
Clemen 915	2_5
Clemen 923	2_10
Clemen 924A	8_9
Clemen 925	6_6
Clemen 927	2_24
Clemen 930	2920_13804
Clemen 933	4_6
Clemen 935	8_18
Clemen 936	50_54
Clemen 938	52_60
Comput 315	17_60
Cooke 109	35_54
Cooke 110	2_5
Cooke 112	8_8
Cooke 114	771_2135
Cooke 121	92184_226600
Cooke 126	49_72
Cooke 127A	28905_47880
Cooke 127B	32052_46464
Cooke 130	1_1
Cooke 15	1148_2457
Cooke 210	9720_11300
Cooke 212	3_4
Cooke 214	2_2
Cooke 216	25_57
Cooke 218	6522_8352
Cooke 219	5_5
Cooke 220	7_8
Cooke 221	25_46
Cooke 222	5229_7285
Cooke 223	5_13
Cooke 225	13_14
Cooke 227	11_28
Cooke 229	17_32
Cooke 231	3_5
Cooke 237	7_12
Cooke 239	1523_3213
Cooke 244	9_120
Cooke 247	18_64
Cooke 248	4813_9768
Cooke 308	36_288
Cooke 309	1_14
Cooke 310	2_10
Cooke 311	5_27
Cooke 312	7_28
Cooke 313	5_15
Cooke 316	2_16
Cooke 317	3_32
Cooke 321	1_1
Cooke 327	13_86
Cooke 329	36_109
Cooke 331	1_1
Cooke 334	99_352
Cooke 336	40_124
Cooke 337	0_24
Cooke 341	76_288
Cooke 343	5_141
Cooke 353	55_678
Cooke 354	86_408
Cooke 355	43_124
Cooke 357	9_9
Cooke 370	82_164
Cooke 371	185_212
Cooke 372	105_304
Cooke 414	23_270
Cooke 415	1_1
Cooke 416	7_50
Cooke 419	12_28
Cooke 427	1_6
Cooke 429	14_74
Cooke 429A	4_4
Cooke 430	9_24
Cooke 431	1_1
Cooke 433	33_708
Cooke 434	3717_12000
Cooke 435	342_880
Cooke 447B	0_4
Cooke 453	5_52
Cooke 455	1_42
Cooke 457	17_39
Cooke 508	5688_21270
Cooke 509	0_40
Cooke 513	28_96
Cooke 514	101_200
Cooke 517	17_22
Cooke 521	1_24
Cooke 523	1240_2412
Cooke 524	751_1400
Cooke 539	0_1
Cooke 540	773_12276
Cooke 542	87_117
Cooke 543	2_2
Cooke 545	14_24
Cooke 547	1_2
Cooke 559	1_2
Cooke 607	28_87
Cooke 608	8_35
Cooke 610	0_10
Cooke 611	135_274
Cooke 613	28_44
Cooke 615	27_42
Cooke 619	56_141
Cooke 625	35_104
Cooke 627	5_6
Cooke 628	5_6
Cooke 635	89_180
Cooke 637	40_121
Cooke 639	71_282
Cooke 641	23_109
Cooke 648	78_324
Cooke 651	1928_11960
Cooke 653	48_228
Cooke 655	20_42
Cooke 657	15_94
Cooke 659	8_12
Cooke 661	33_118
Cooke 663	41_156
Cooke 666	16_47
Cooke 670	2_4
Crltn 417	49_160
Crofts 310E	1_6
Crosby 01	118_249
Crosby 101	143_162
Crosby 110	223_336
Crosby 115	284_576
Crosby 120	250_368
Crosby 125	1307_2275
Crosby 130	585_1054
Crosby 140	316_476
Crosby 145	89_100
Crosby 150	318_576
Crosby 152	10_13
Crosby 160	216_437
Crosby 201	289_380
Crosby 205	476_850
Crosby 210	218_330
Crosby 215	215_360
Crosby 220	241_525
Crosby 225	261_744
Crosby 230	281_575
Crosby 235	251_374
Crosby 240	160_286
Crosby 250	391_731
Crosby 301	16264_51700
Crosby 305	589_2280
Crosby 310	199_504
Crosby 315	203_448
Crosby 320	260_950
Crosby 322	5_10
Crosby 323	12_40
Crosby 324	3_3
Crosby 325	2_3
Crosby 326	4_17
Crosby 327	10_30
Crosby 328	8_29
Crosby 330	364_578
Crosby 335	286_496
Crosby 340	189_462
Crosby 350	327_1428
Crosby 40	978_2296
Crosby 41	227_330
Crosby 45	156_156
Crosby 50	4_24
Crosby 52	60_66
Crosby 55	13_24
Crosby 60	4_4
Davis 101	15019_34560
Davis 113A	279_1254
Davis 338A	46_48
Dfn 02	32206_68640
Dfn 04	16685_31428
Dfn 05	12204_21120
Dfn 06	7222_17820
Dfn 07	8266_19332
Dfn 103	16511_36480
Dfn 104	4649_12144
Dfn 105	2187_7550
Dfn 111	12_12
Dfn 118	6_6
Dfn 124	13_16
Dfn 135	9_9
Dfn 136	13_13
Dfn 137	2_2
Dfn 139	3_3
Dfn 146	46082_141300
Dfn 147	89134_254721
Dfn 148	50821_150936
Dfn 202	8224_18550
Dfn 203	21705_50803
Dfn 205	8879_22848
Dfn 206	3922_9287
Dfn 207	3075_8032
Dfn 208	3539_8512
Dfn 211	22_30
Dfn 213	1_2
Dfn 214	17_28
Dfn 216	1_1
Dfn 217	23_23
Dfn 218	16_45
Dfn 219	8_8
Dfn 224	16_16
Dfn 229	10_18
Dfn 230	1_2
Dfn 231	23_40
Dfn 232	11_20
Dfn 233	8_16
Dfn 234	7_10
Dfn 304	121_126
Dfn 311	1_1
Dfn 312	4_4
Dfn 317	13_13
Dfn 318	3_6
Dfn 320	3_18
Dfn 323	2_2
Dfn 329	11_11
Dfn 331	7_7
Dfn 332	4_4
Dfn 333	17_17
Dfn_A 08	1343_1960
Dfn_A 09	2818_3040
Dfn_A 10	3194_6909
Dfn_A 25	38_38
Dfn_A 30	6396_6600
Dorshe 107	12_40
Dorshe 107A	32_93
Dorshe 109	52_258
Farb_A 01	20_792
Farb_A 05	5_84
Farber 102	3_144
Farber 108	13_78
Farber 109	4_10
Farber 110	3_10
Farber 111	15_21
Farber 112	74_114
Farber 113	28_31
Farber 116	4_46
Farber 118	7_7
Farber 119	5_7
Farber 122	21_34
Farber 124	1770_6312
Farber 127	3_24
Farber 130	8_16
Farber 132	3_3
Farber 134B	3435_6840
Farber 136	749_4800
Farber 138	0_18
Farber 140	131_306
Farber 144	17104_78000
Farber 145	15_15
Farber 150	19749_74385
Farber 162A	29_152
Farber 167	7_7
Farber 168	2_14
Farber 172	8_10
Farber 180	230_346
Farber 182	5230_39780
Farber 204	1_3
Farber 206	32_51
Farber 210	3_3
Farber 221C	14_14
Farber 233	3_8
Farber 240	356_1350
Farber 242	5_65
Farber 243	3_94
Farber 244	18_101
Farber 245	22_246
Farber 246	5_108
Farber 247	12_108
Farber 249	31_210
Farber 249A	1_45
Farber 250	5_66
Farber 252	93_141
Farber 252A	153_168
Farber 252D	4_9
Farber 253	2_6
Farber 255	77_3280
Farber 268B	1_1
Farber 268D	6_14
Farber 268E	1_1
Farber 268F	2_87
Farber 268H	5_43
Farber 268L	3_19
Farber 270	2_3
Farber 270D	13_18
Farber 270F	21_198
Farber 271	11_81
Farber 272	23_372
Farber 273	70_119
Farber 273A	18_102
Farber 274	16_96
Farber 275	2_11
Farber 277	17_90
Farber 306	166_1480
Farber 312	8_48
Farber 317	10_12
Farber C160A	1_10
Farber G10	3_40
Farber G23	1_3
Farber G25	2_2
Farber G26	11051_49440
Farber G31	218_750
Farber G56	20_82
Farber G90	20_20
Farber G96	12_39
Farber G97	3_3
Fargo 101C	17_19
Fargo 102	2_2
Fargo 103	24_28
Fargo 106	10_10
Fargo 109	42_45
Fargo 110	18_18
Fargo 116	4_4
Filmor 102	2645_58500
Filmor 118	2_2
Filmor 120	281_332
Filmor 157	2_2
Filmor 158	10_10
Filmor 167	31_40
Filmor 170	59701_163750
Filmor 175	1_1
Filmor 250	2_4
Filmor 251A	77_306
Filmor 260	26_43
Filmor 261	1994_10368
Filmor 262	48_850
Filmor 316	56_56
Filmor 317	8673_16704
Filmor 319	6737_12702
Filmor 320	5208_12220
Filmor 322	18413_55110
Filmor 325	6340_14176
Filmor 327	140_142
Filmor 328	5365_11625
Filmor 332	4_9
Filmor 333	10_25
Filmor 334	7_46
Filmor 335	2_20
Filmor 336	12_26
Filmor 337	15_25
Filmor 338	6_21
Filmor 339	4_15
Filmor 340	3_3
Filmor 341	2_8
Filmor 342	4_14
Filmor 343	3969_21474
Filmor 344	4_11
Filmor 347A	2_13
Filmor 348	3_4
Filmor 351	7549_15469
Filmor 352	5371_12800
Filmor 354	5252_15136
Filmor 355	22393_48312
Filmor 360	371_850
Filmor 362	75_103
Filmor 363	20_50
Filmor 365	129_318
Filmor 366	6_16
Filmor 367	16_19
Filmor 369	3_3
Filmor 370	26_76
Filmor 372	94_172
Filmor 375	52_194
Filmor 376	63_125
Filmor 377	226_477
Filmor 380	309_1904
Foster 109	108_879
Foster 115	38_261
Foster 116	0_36
Foster 117	20_396
Foster 135	55_158
Foster 211	34_160
Foster 215	615_1200
Foster 223	0_104
Foster 304	1_16
Foster 310	33_370
Foster 314	0_50
Foster 318	125_432
Foster 320	2_12
Foster B36	6_20
Foster B40	1_20
Frnczk 101	2_6
Frnczk 103	1_10
Frnczk 125	2_3
Frnczk 126	12_38
Frnczk 128	1_23
Frnczk 129	39_48
Frnczk 129A	5_15
Frnczk 130	5_30
Frnczk 132	12_40
Frnczk 134	4_4
Frnczk 136	4_23
Frnczk 137	2_2
Frnczk 138A	7_7
Frnczk 139	17_20
Frnczk 140	16_17
Frnczk 141	2_2
Frnczk 142	17_19
Frnczk 150	2_2
Frnczk 200	1560_1710
Frnczk 201	5_25
Frnczk 201A	8_84
Frnczk 203	11_110
Frnczk 203B	0_20
Frnczk 204	5_8
Frnczk 205	2_45
Frnczk 205A	2_2
Frnczk 206	145_165
Frnczk 209	20_29
Frnczk 211	5_8
Frnczk 217	5_6
Frnczk 219	7068_20828
Frnczk 221	156_156
Frnczk 223	26_70
Frnczk 225	14_43
Frnczk 227	1_9
Frnczk 228	85_140
Frnczk 229	2_9
Frnczk 231	9_10
Frnczk 237	3_3
Frnczk 242E	10_60
Frnczk 245	205_672
Frnczk 246A	4_4
Frnczk 246G	1_1
Frnczk 247	5_33
Frnczk 251	1_4
Frnczk 255	1_16
Frnczk 257	23_48
Frnczk 259	26_59
Frnczk 261	23_53
Frnczk 265	19_27
Frnczk 300	17965_18648
Frnczk 301	0_24
Frnczk 303	5_36
Frnczk 304	351_360
Frnczk 305	10_15
Frnczk 306	1126_1296
Frnczk 307	25_52
Frnczk 307A	13_40
Frnczk 308	6724_7416
Frnczk 309	7_15
Frnczk 311	743_1308
Frnczk 313	19_28
Frnczk 315	15_16
Frnczk 317	2_2
Frnczk 323	17_36
Frnczk 324	1892_2496
Frnczk 325	32_58
Frnczk 326	1003_1320
Frnczk 327	2_21
Frnczk 327A	7_29
Frnczk 329	16_22
Frnczk 333	18_25
Frnczk 335	11_18
Frnczk 336F	2_2
Frnczk 339	6_30
Frnczk 339A	0_19
Frnczk 340	13_16
Frnczk 341	510_552
Frnczk 345	2_2
Frnczk 352	3840_5420
Frnczk 352B	579_1008
Frnczk 405	50_147
Frnczk 407	12_252
Frnczk 408	387_2400
Frnczk 411	8_40
Frnczk 414	410_5232
Frnczk 415	176_1161
Frnczk 415A	1_14
Frnczk 419	2_2
Frnczk 420	66_245
Frnczk 421	23_139
Frnczk 422	35982_65772
Frnczk 423	57_129
Frnczk 424	3670_9760
Frnczk 425	28_186
Frnczk 426	98_227
Frnczk 427	35_108
Frnczk 429	0_2
Frnczk 431	59_125
Frnczk 433	23_113
Frnczk 435	38_123
Frnczk 437	13_119
Frnczk 439	25_118
Frnczk 441	12_75
Frnczk 443	17_172
Frnczk 444	572_9540
Frnczk 445	37_152
Frnczk 447	11_58
Frnczk 449	51_208
Frnczk 451	46_118
Frnczk 453	46_138
Frnczk 454	31120_57466
Furnas 1003	18_41
Furnas 1004	20_79
Furnas 1005	14_24
Furnas 1006	105_178
Furnas 1007	158_276
Furnas 1008	0_12
Furnas 1009	30_59
Furnas 1010	96_172
Furnas 1011	53_101
Furnas 1012	15_33
Furnas 1013	38_70
Furnas 1014	460_3900
Furnas 1015	4_12
Furnas 1017	69_70
Furnas 1018	376_390
Furnas 1019	9587_13076
Furnas 1023	14_56
Furnas 106	2_24
Furnas 107	493_570
Furnas 109	5_14
Furnas 110	30_40
Furnas 204	13_40
Furnas 205	14_14
Furnas 205A	1_4
Furnas 206	3175_9120
Furnas 207	141_184
Furnas 210	644_1410
Furnas 211	19117_32120
Furnas 213	961_1890
Furnas 215	213_280
Furnas 306	27_54
Furnas 309	55_106
Furnas 310	9_61
Furnas 311	1_3
Furnas 319	65_156
Furnas 321	69_544
Furnas 405	308_490
Furnas 406	12_24
Furnas 414	3_11
Furnas 415	5380_7644
Furnas 416	695_940
Furnas 417	58_98
Furnas 503	62_996
Furnas 504	12_45
Furnas 505	13_76
Furnas 506	53_100
Furnas 507	10_103
Furnas 508	52_119
Furnas 509	47_150
Furnas 510	63_201
Furnas 511	14_270
Furnas 514	23_48
Furnas 515	43_150
Furnas 516	2_88
Furnas 518	25_132
Furnas 603	575_7028
Furnas 604	1_1
Furnas 605	95_174
Furnas 606	8_83
Furnas 608	27_55
Furnas 609	82_186
Furnas 610	3_3
Furnas 611	3_25
Furnas 612	59_165
Furnas 613	62_153
Furnas 618	24_66
Furnas 619	406_410
Furnas 621	2549_3260
Furnas 806	167_168
Furnas 810	2432_2690
Furnas 811	252_256
Furnas 812	104_230
Furnas 813	4_12
Furnas 815	57_117
Furnas 903	164_1200
Furnas 904	51_133
Furnas 905	73_203
Furnas 906	32_92
Furnas 907	58_116
Furnas 908	19_63
Furnas 909	25_128
Furnas 910	38_520
Furnas 916	94_240
Goodyr G01	4_4
Goodyr G30B	914_930
Greiner 116B	177_432
Greiner 118B	17_48
Greiner 120B	161_408
Greiner 134C	349_840
Greiner 135C	57_192
Harrim 255	142_966
Harrim 30	48_120
Hayes 106	4_100
Hayes 107	22_27
Hayes 108B	1606_2892
Hayes 110	2_13
Hayes 111	4_15
Hayes 112	42_180
Hayes 112A	5_21
Hayes 116	2_21
Hayes 116A	67_222
Hayes 132	4442_24038
Hayes 135	0_3
Hayes 139	3_81
Hayes 139A	2_2
Hayes 139B	2_22
Hayes 140	728_1720
Hayes 143B	0_15
Hayes 145	1_1
Hayes 201	0_8
Hayes 201A	4524_9456
Hayes 201C	24_24
Hayes 201D	33_112
Hayes 201E	22_87
Hayes 201F	23_91
Hayes 201G	82_279
Hayes 201H	24_100
Hayes 201I	10_35
Hayes 201J	67_318
Hayes 201K	35_82
Hayes 201L	15_63
Hayes 201Q	85_525
Hayes 202	0_32
Hayes 217	3_64
Hayes 230	2661_3360
Hayes 239	3132_9036
Hayes 272	87_196
Hayes 279	30_68
Hayes 282B	3_5
Hayes 283	3_5
Hayes 285	10_20
Hayes 290	60_73
Hayes 291	15_30
Hayes 292	89_107
Hayes 301	16_120
Hayes 302	80_368
Hayes 302A	19_32
Hayes 302C	17_43
Hayes 302D	5_30
Hayes 305	32_60
Hayes 308B	9_20
Hayes 311	18_49
Hayes 312A	52_79
Hayes 312B	13_23
Hayes 313	1_30
Hayes 315	37_125
Hayes 316A	3_10
Hayes 316B	42_74
Hayes 316C	17_38
Hayes 321	8_16
Hayes 325	14_44
Hayes 327	38_240
Hayes 328	2_24
Hayes 333	159_380
Hayes 372	15_20
Hayes 375	17_21
Hayes 377	43_120
Hayes 378	1_2
Hayes 379	41_87
Hayes 382	6_17
Hayes 401	50_280
Hayes 402	20_32
Hayes 403	37_208
HayesB 01K	42_112
HayesB 01T	34_96
Hayesb 01	181_910
Hayesb 06	80_750
Hoch 107	90_1164
Hoch 114	72343_181620
Hoch 115	3_4
Hoch 117	3_18
Hoch 119	51_192
Hoch 125A	38_98
Hoch 137	2_2
Hoch 139	3380_8652
Hoch 202A	3_3
Hoch 208	18_88
Hoch 210	8332_9702
Hoch 212	1933_2400
Hoch 218	12643_19348
Hoch 219	45_268
Hoch 220	61_268
Hoch 222	3_3
Hoch 223	6308_8850
Hoch 231	1636_3318
Hoch 237	9290_21312
Hoch 243	21_101
Hoch 25	10_12
Hoch 307	2434_6390
Hoch 308	25_25
Hoch 310	116_390
Hoch 317	22_27
Hoch 321	9_16
Hoch 328	55_220
Hoch 329	16_16
Hoch 335	5_5
Hoch 411	0_3
Hoch 413	13_14
Hoch 414	3_4
Hoch 418	93_360
Hoch 419	7_39
Hoch 430	1266_4532
Hoch 435	9_230
Hoch 443	9_70
Hoch 444	16_48
Hoch 447	30_82
Hoch 448	113_696
Hoch 457	4_16
Hoch 471	22_22
Hoch 474	10_15
Hoch 510	8_13
Hoch 511	122_352
Hoch 512	3_4
Hoch 513	19_168
Hoch 521	64_104
Hoch 531	99_135
Hoch 543	1_4
Hoch 555	4_4
Hoch 559	26_26
Hoch 561	11_64
Hoch 565	4_12
Hoch 566	23_60
Hoch 609	52_125
Hoch 610	48_136
Hoch 612	107_204
Hoch 613	111_174
Hoch 621	43_89
Hoch 623	62_125
Hoch 625	42_182
Hoch 635	72_164
Hoch 637	42_118
Hoch 643	25_120
Hoch 645	67_158
Hoch 647	15_32
Hoch 648	53_73
Hoch 651	97_208
Hoch 653	41_136
Hoch 657	1_33
Hoch 659	43_126
Hoch 661	67_151
Hoch 663	19_59
Hoch 670	10_44
Jacobs 106	17247_28655
Jacobs 110	41105_90185
Jacobs 112	36259_55550
Jacobs 122	24362_35370
Jacobs 130	1_1
Jacobs 143	1_34
Jacobs 160	5_5
Jacobs 160B	1_1
Jacobs 206	7_7
Jacobs 206A	24_30
Jacobs 208	96_96
Jacobs 210	16_16
Jacobs 214	4719_8160
Jacobs 222	813_3370
Jacobs 235	1_2
Jacobs 238	4_16
Jacobs 239	3_18
Jacobs 243	1_1
Jacobs 246	1_2
Jacobs 248	43_54
Jacobs 271	1_1
Jacobs 272	3_4
Jacobs 273	5_34
Jacobs 274	3_9
Jacobs 280	10_48
Jacobs 282	429_2430
Jacobs 320	6021_12104
Jacobs 325	2_6
Jacobs 325B	1005_4110
Jacobs 332	1_2
Jacobs 336	2_16
Jacobs 340	6_8
Jacobs 342	2_14
Jacobs 351	1_1
Jacobs 355	6_17
Jacobs 366	1_16
Jacobs 370	1_5
Jacobs 379	629_4500
Jacobs B30	2036_4074
Jacobs B32	1414_2520
Jacobs B34	1473_3168
Jarvis 111	14_24
Jarvis 116	1523_3960
Jarvis 120	22_120
Jarvis 202	17_46
Jarvis 204	8_104
Jarvis 205	299_1900
Jarvis 207	8_32
Jarvis 209	1_39
Jarvis 210	4_4
Jarvis 212	314_319
Jarvis 214	186_256
Jarvis 215	36_56
Jarvis 216	4133_4480
Jarvis 223	498_1890
Jarvis 228	7_13
Jarvis 230	5_5
Jarvis 231	11_16
Jarvis 232	2_2
Jarvis 233	7_11
Jarvis 313	1_1
Jarvis 314	0_10
Jarvis 315	5_25
Jarvis 316	7_35
Jarvis 318	218_481
Jarvis 321	28_192
Jarvis 324	82_155
Jarvis 326	90_238
Jarvis 327	22_58
Jarvis 328	55_57
Jarvis 330	2_24
Jarvis 332	5_21
Jarvis 334	12_24
Jarvis 335	29_72
Jarvis 336	74_183
Jarvis 339	34_76
Jarvis 340	19_37
Kapoor 125	9658_19722
Kapoor 130	835_1125
Kapoor 183A	1303_2560
Kapoor 183B	136_320
Kapoor 190	17100_47827
Kapoor 250	224_224
Kapoor 252	75_144
Kapoor 264A	1102_1400
Kapoor 264B	125_160
Kapoor 345	84_312
Kapoor 443	1331_6468
Ketter 114	9_12
Ketter 115	2_2
Ketter 130	13_18
Ketter 132	7_10
Ketter 135	11_14
Ketter 140	1689_11400
Ketter 202	137_656
Ketter 206	32_48
Ketter 208	1562_6417
Ketter 212D	2_17
Ketter 221	15_32
Ketter 222	2_7
Ketter 223	13_25
Ketter 226	1_7
Ketter 229	1_1
Ketter 230	18_28
Ketter 231	1_6
Ketter 232	2_8
Ketter 233	1_1
Ketter 236	284_2148
Ketter 238	1_1
Ketter 239	7_15
Ketter 240	7_16
Ketter 242	3_3
Ketter 243	3_7
Ketter 244	4_8
Kimbal 1002	7_24
Kimbal 1010	15_49
Kimbal 1012	1_1
Kimbal 1016	16_45
Kimbal 1021	2_6
Kimbal 1022	0_10
Kimbal 1026	0_4
Kimbal 1033	3_8
Kimbal 1040	131_272
Kimbal 108	8777_23730
Kimbal 111	34219_60800
Kimbal 1110	1133_2288
Kimbal 1120	72_75
Kimbal 1121	177_428
Kimbal 1122	121_312
Kimbal 113	837_3600
Kimbal 1130	1396_3528
Kimbal 1132	2_3
Kimbal 1134	1_2
Kimbal 1140	294_430
Kimbal 115	1548_11232
Kimbal 119	2_2
Kimbal 120	1_1
Kimbal 125	44914_102600
Kimbal 126	7621_25920
Kimbal 18	0_388
Kimbal 206	2_2
Kimbal 207	8_34
Kimbal 208	6_33
Kimbal 210	257_8920
Kimbal 212	18_32
Kimbal 214	6_18
Kimbal 215	9_10
Kimbal 30	19_46
Kimbal 301	7_15
Kimbal 319	5_13
Kimbal 325	1_2
Kimbal 330	97_238
Kimbal 334	0_20
Kimbal 401	81_145
Kimbal 420	3_3
Kimbal 422	17_29
Kimbal 435	5_27
Kimbal 501	1_1
Kimbal 504	10_27
Kimbal 510	996_2800
Kimbal 515	9_16
Kimbal 517	2_2
Kimbal 520	20_42
Kimbal 521	25_48
Kimbal 522	29_58
Kimbal 523	19_22
Kimbal 524	43_100
Kimbal 525	31_68
Kimbal 530	5_6
Kimbal 532	13_43
Kimbal 533B	3_3
Kimbal 533C	1_1
Kimbal 604	1_1
Kimbal 610	1_6
Kimbal 611	2_2
Kimbal 612	4_6
Kimbal 613	50_98
Kimbal 615	30_38
Kimbal 616	1_1
Kimbal 620	286_489
Kimbal 625	25_40
Kimbal 630	12_24
Kimbal 703	16_16
Kimbal 704	2265_4860
Kimbal 710	936_2400
Kimbal 714	4_4
Kimbal 715	32_324
Kimbal 718	4_4
Kimbal 720	603_1092
Kimbal 730	942_2832
Kimbal 801	29_64
Kimbal 804	1_2
Kimbal 806	2_2
Kimbal 807	28_81
Kimbal 808	1_12
Kimbal 809	13_66
Kimbal 810	8_70
Kimbal 811	4_4
Kimbal 812	2_35
Kimbal 813	5_29
Kimbal 814	3_8
Kimbal 815	13_29
Kimbal 816	3_40
Kimbal 817	23_52
Kimbal 818	13_60
Kimbal 819	5_12
Kimbal 820	7_20
Kimbal 821	345_372
Kimbal 823	2_8
Kimbal 824	4_20
Kimbal 825	5_5
Kimbal 901	27_75
Kimbal 904	9_21
Kimbal 905	8_15
Kimbal 907	329_368
Kimbal 908	2_17
Kimbal 909	7_14
Kimbal 910	4_16
Kimbal 911	3_16
Kimbal 912	14_33
Kimbal 913	7_36
Kimbal 914	30_198
Kimbal 915	9_40
Kimbal 916	22_30
Kimbal 918	9_37
Kimbal 919	1_2
Kimbal 920	4_51
Kimbal 921	29_76
Kimbal 922	448_568
Kimbal 924	11_11
Kimbal 925	1_13
Knox 04	45475_88821
Knox 104	127777_265512
Knox 109	108688_230214
Knox 110	100033_229326
Knox 14	43699_85839
Knox 20	236468_446736
Lockwd 109	327_600
Lockwd 223	63_80
Lockwd 525	4_4
Lockwd B30	3_3
Math 107	129_589
Math 110	1_108
Math 116	0_5
Math 122	4669_13825
Math 135	81_1020
Math 150	11870_29376
Math 202	2_38
Math 220	1_4
Math 224	21_390
Math 230	1_4
Math 232	16_27
Math 235	215_3206
Math 250	10112_33376
Michl 406	10_12
Mrc 346	16_200
Norton 05	3_59
Norton 110	4_4
Norton 112	130255_255680
Norton 17	2342_2560
Norton 208A	2_10
Norton 209	26024_50064
Norton 210	25497_45920
Norton 212	20_21
Norton 213	26401_53062
Norton 214	27180_52520
Norton 216	23012_39672
Norton 218	42898_68100
Norton 220	2_4
Norton 222	2_3
Nsc 201	123568_240500
Nsc 205	48575_127846
Nsc 210	50158_114528
Nsc 215	78581_168150
Nsc 216	46223_125130
Nsc 218	42831_114848
Nsc 220	45492_109824
Nsc 222	41147_116788
Nsc 225	185545_406560
Nsc 228	39373_113975
Nsc 240	868_1025
Nsc 240A	659_775
Nsc 242	1255_1275
Nsc 242A	943_950
Nsc 245	406_864
Nsc 248	1313_1680
Nsc 250	1618_2800
Nsc 260	1176_1625
Nsc 260A	755_875
Nsc 262	902_1050
Nsc 262A	794_800
Nsc 266	6_6
Nsc 301	1_1
Nsc 306	161_2440
Nsc 312	8_37
Nsc 313	0_1
Nsc 324	0_38
Nsc 325	0_18
Nsc 330	0_10
Nsc 335	20_630
Nsc 345	92_1040
Nsc 350	1744_2280
Nsc 355	1161_1504
Nsc 359	0_6
Nsc 364	39_860
Nsc 375	1076_1312
Nsc 376	2_2
Nsc 377	982_992
Nsc 379	612_624
Nsc 405	57_168
Nsc 407	154_870
Nsc 410	2_38
Nsc 411	6_35
Nsc 415	161_596
Nsc 417	11_46
Nsc 427	1_1
Nsc 428	14_71
Nsc 432	31_124
Nsc 436	62_321
Nsc 441	6_6
Nsc 455	1_2
Nsc 458	24_44
Nsc 460	3_66
Nsc 465	63_352
Nsc 470	7_48
Nsc 475	47_72
Nsc 482	15_40
Nsc 508	99_196
Nsc 511	5_41
Nsc 515	0_40
Nsc 516	3_5
Nsc 520	67_240
Nsc 526	2_51
Nsc 531	5_51
Nsc 532	2_127
Nsc 535	216_476
Nsc 538	49_171
Nsc 540	65_344
Nsc 550	16_44
Nsc 552	79_508
Nsc 553	16_166
Nsc 554	18_32
Nsc 556	7_69
Nsc 560	5_20
Nsc 561	2_120
Nsc 562	0_40
Nsc 564	16_24
Nsc 570	71_196
Nsc 572	10_60
Nsc 573	1_9
Nsc 576	5_5
Nsc 578	13_51
Nsc 580	8_12
Nsc 582	147_556
Nsc 585	59_164
Nsc 605	2_20
Nsc 607	8_40
Nsc 608	88_148
Nsc 611	12_94
Nsc 618	4_58
Nsc 620	218_572
Nsc 625	1_2
Nsc 627	8_78
Nsc 630	183_420
Nsc 633	1_46
Nsc 635	17_22
Nsc 638	42_310
Nsc 640	38_212
Nsc 650	104_584
Nsc 652	42_390
Nsc 657	10_48
Nsc 660	30_148
Nsc 662	0_3
Nsc 672	9_64
Nsc 679	27_100
Nsc 682	127_312
Nsc 684	48_3232
Nsc 705	72_216
Nsc 707	17_32
Nsc 710	3_10
Nsc 711	14_25
Nsc 715	57_330
Nsc 716	18_30
Nsc 717	22_52
Nsc 720	55_416
Nsc 724	33_126
Nsc 726	11_12
Nsc 730	11_14
Nsc 731	12_12
Nsc 732	2_23
Nsc 735	21_72
Nsc 738	1_4
Nsc 740	13_236
Nsc 756	0_38
Nsc 758	35_296
Nsc 760	21_58
Nsc 764	44_108
Nsc 768	39_190
Nsc 771	22_76
Nsc 772	12_13
Nsc 775	18_72
Nsc 776	13_25
Nsc 777	4_4
Nsc 780	105_250
Nsc 781	1_1
Nsc 782	100_296
Nsc 785	21_60
Nsc 805	36_55
Nsc 811	2_39
Nsc 816	5_53
Nsc 820	64_348
Nsc 826	2_40
Nsc 827	16_45
Nsc 835	63_344
Nsc 838	25_70
Nsc 840	45_340
Nsc 848	288_1110
Nsc 850	3910_11970
Nsc 852	5_8
Nsc 855	7_12
Nsc 856	1_7
Nsc 858	2325_4420
Nsc 860	12_42
Nsc 864	87_310
Nsc 868	18_36
Nsc 871	6_56
Nsc 872	7_52
Nsc 875	42_86
Nsc 876	6_72
Nsc 880	791_1935
Nsc 882	32_240
Nsc 885	5107_14140
Obrian 05	4010_9060
Obrian 08	1377_3180
Obrian 10	5794_16160
Obrian 102	10530_23280
Obrian 104	21613_37360
Obrian 106	29153_61533
Obrian 107	20833_45432
Obrian 108	27609_58473
Obrian 109	35533_67680
Obrian 112	36054_80262
Obrian 113	884_2880
Obrian 12	8191_17880
Obrian 205	1_2
Obrian 207	259_1440
Obrian 209	19155_37444
Obrian 210	16764_32200
Obrian 212	14509_36156
Obrian 213	11772_31440
Obrian 214	16674_27489
Obrian 313	3_3
Obrian 314	4_5
Obrian 405	10_10
Obrian 406	4621_10044
Obrian 407	1_1
Obrian 411	1_2
Obrian 412	3_3
Obrian 416	3_3
Obrian 417	1_1
Obrian 420	2_10
Obrian 422	1_1
Obrian 423	1_5
Obrian 425	1_1
Obrian 426	1_1
Obrian 427	2_6
Obrian 504	695_1040
Obrian 504A	4_4
Obrian 507	161_176
Obrian 508	58_84
Obrian 509	13_90
Obrian 515	1_2
Obrian 516	1_2
Obrian 517	2_5
Obrian 520	3_3
Obrian 525	1_1
Obrian 526	3_3
Obrian 527	4_7
Obrian 533	340_666
Obrian 543	44_120
Obrian 543A	2169_4878
Obrian 543B	33_70
Obrian 543C	39_50
Obrian 606	2_2
Obrian 608	5_12
Obrian 609	1_1
Obrian 611	1_1
Obrian 612	21_24
Obrian 613	9_9
Obrian 614	11_15
Obrian 615	6_6
Obrian 616	2_2
Obrian 617	7_7
Obrian 618	2_8
Obrian 620	5_6
Obrian 621	3_9
Obrian 622	2_6
Obrian 624	4_4
Obrian 626	4_5
Obrian 630A	589_1206
Obrian 631	16_16
Obrian 706	5198_12240
Obrian 708	3_3
Obrian 710	9_10
Obrian 711	3_3
Obrian 712	6_8
Obrian 713	2_3
Obrian 714	2_2
Obrian 715	6_6
Obrian 716	8_9
Obrian 717	10_10
Obrian 718	1_5
Obrian 719	4_12
Obrian 721	12_25
Obrian 723	11_25
Obrian 724	1_10
Park 105	44_128
Park 106	28_123
Park 107	43_123
Park 108	3_20
Park 109	17_153
Park 110	35_110
Park 111	40_131
Park 113	23_105
Park 115	45_135
Park 118	30_113
Park 119	20_122
Park 120	2_2
Park 122	56_126
Park 123	47_132
Park 125	39_118
Park 126	56_139
Park 127	26_110
Park 131	55_123
Park 136A	20_49
Park 136B	1_1
Park 136C	15_114
Park 141	4196_17010
Park 142	136_1100
Park 143	14569_18700
Park 146	17421_29670
Park 148	13855_20184
Park 152	12369_16056
Park 155	25_28
Park 157	10_10
Park 168	98_190
Park 171	4_10
Park 174	36_126
Park 179	57_441
Park 187	45_51
Park 188	2_2
Park 204	148_576
Park 206	1_12
Park 209	231_690
Park 213	1_1
Park 223	1519_12456
Park 235	7_30
Park 241	264_876
Park 250	23076_41868
Park 275	10_17
Park 280	1598_2675
Park 282	39_97
Park 316	34_408
Park 317	1135_11556
Park 320	3_3
Park 321	7_18
Park 323	34_92
Park 326	2_2
Park 343	1_18
Park 344	31_39
Park 346	8_21
Park 351	7_14
Park 355	6_16
Park 361	11_11
Park 362	1_17
Park 364	2_18
Park 366	1423_10654
Park 368	79_660
Park 368C	20_42
Park 377	8_8
Park 403	45_98
Park 404	18_160
Park 406	19_52
Park 407	12_41
Park 409	68_115
Park 415	34_150
Park 416	26_34
Park 417	191_376
Park 418	21_34
Park 419	43_67
Park 420	15_64
Park 421	38_128
Park 422	51_212
Park 423	42_105
Park 425	1663_2736
Park 427	6_20
Park 430	174_990
Park 433	147_2266
Park 440	23639_43032
Park 445	13_30
Park 446	40_83
Park 450	1361_2240
Park 453	25_96
Park 454	18_71
Park 455	54_176
Park 456	76_143
Park 457	32_86
Park 463	37_82
Park 464	30_119
Park 465	27_128
Park 466	52_99
Park 467	5_68
Park 468	13_35
Park 470	1503_8280
Park 474	2095_4608
Park 502	2954_6700
Park 503	68_174
Park 504	63_101
Park 505	93_334
Park 507	6_30
Park 508	46_98
Park 509	86_198
Park 511	55_149
Park 513	42_149
Park 514	16_37
Park 516	22_79
Park 519	15_75
Park 520	499_11070
Park 522	62_1190
Park 525	35_152
Park 531	59_158
Park 532	9042_37920
Park 533	35_183
Park 534	71_167
Park 537	4_4
Park 538	2_2
Park 539	44_130
Park 540	18_33
Park 545	339_470
Park 546	70_341
Park 552	91_245
Park 553	25_186
Park 554	66_190
Park 555	30_116
Park 556	3_4
Park 557	86_256
Park 558	62_244
Park 559	60_314
Park 560	39_192
Park 561	46_133
Park 562	30_89
Park 563	71_365
Park 564	48_243
Park 565	46_157
Park 567	54_135
Park 568	38_111
Park 569	88_296
Park 570	87_309
Park 574	64_200
Park 575	28_93
Park 577	67_246
Park 580	28_91
Park 581	36_142
Park 582	24_154
Park 583	88_219
Park 584	38_313
Park B71	11_22
Park B74	1_7
Park B75	385_3380
Park B77	5_20
Park B78	6_8
Parker 02	469_1560
Parker 104	5525_15984
Parker 105	131_954
Parker 110	219_735
Parker 116	3_3
Parker 117	1975_3510
Parker 122	1_2
Parker 124	0_1
Parker 128	17_19
Parker 13	1694_7260
Parker 14	60_90
Parker 142	52_88
Parker 16	51_56
Parker 17	1_8
Parker 18	136_160
Parker 202	586_1652
Parker 204	17_19
Parker 206	41_60
Parker 214	79_330
Parker 215	1_1
Parker 224	3_3
Parker 232	7_35
Parker 237	161_528
Parker 24	24_24
Parker 305	7_7
Parker 307	7_8
Parker 32	8_28
Parker 38	340_350
Parker 40	60_60
Porter 451	448_492
Rchmnd 361	42_53
Rchmnd 362	3_4
Rchmnd 363	41_53
Rchmnd 463	28_38
Rchmnd 464	10_13
Rchmnd 466	138_324
Rchmnd 467	10_43
Roosevelt 101	3_32
Rsrch 444	32_100
Shrmn 02	32_96
Shrmn 04	15_90
Shrmn 05	17_46
Shrmn 08	28_111
Shrmn 10	214_784
Shrmn 101	6_24
Shrmn 104	2_10
Shrmn 105	15_160
Shrmn 108	894_7800
Shrmn 114	10_50
Shrmn 116	22_42
Shrmn 119	4_33
Shrmn 12	52_228
Shrmn 123	1_8
Shrmn 124	2_3
Shrmn 13	1_34
Shrmn 15	1_28
Shrmn 17	74_868
Shrmn 204	4_42
Shrmn 207	1_1
Shrmn 209	5_8
Shrmn 218	0_99
Shrmn 223	252_882
Shrmn 302	16_34
Shrmn 304	23_160
Shrmn 309	0_9
Shrmn 315	15_36
Shrmna 04	1_1
Shrmna 108	5_6
Shrmna 112	1_1
Shrmna 132	1_2
Shrmna 24	2_2
Slee 110A	9_30
Slee 110B	129_145
Slee 110C	16_21
Slee 112	58_215
Slee 113	31_52
Slee 114	29_300
Slee 116	134_163
Slee 116A	9_9
Slee 116B	4_6
Slee 202	99_23450
Slee B02	7_80
Spldng 115	4_6
Spldng 133	134_231
Spldng 134	248_330
Spldng 155	2747_2975
Spldng 158	2299_9768
Spldng 161	23_369
Spldng 163	59_61
Spldng 165	89_117
Spldng 166	51_130
Spldng 171	81_126
Spldng 172	4_4
Spldng 173	7_7
Spldng 174	19_33
Spldng 175	56_114
Spldng 177	110_138
Spldng 178	14_21
Spldng 278	214_336
Spldng 375	11_15
Spldng 376	14_44
Spldng 377	82_107
Spldng 378	116_399
Spldng 380	1_3
Squire 112	58_305
Squire 114	45_134
Squire 131A	5_5
Squire 137	21_110
Squire 140	4155_7856
Squire 215	205_1492
Squire 222	347_1152
Squire 224	29_800
Squire 228	34_56
Squire 235	43_358
Squire 240	89_268
Squire 250	258_1294
Squire 308	74_343
Squire 315	27_230
Squire 325	333_678
Squire 325B	6_20
Squire 326	1369_2200
Squire 335B	1_1
Squire 335D	1_1
Squire 335E	0_16
Squire 355	785_4392
Squire 355C	53_64
Squire 362	383_480
Squire 365	4_13
Squire B12	1_1
Squire B28	20079_22350
Studen 112	4_4
Studen 114	21_23
Studen 145A	31_180
Studen 145C	46_150
Studen 150	38_40
Studen 210	6_6
Studen 220	4_4
Studen 222	40_80
Studen 223	5_6
Studen 235	81_86
Studen 240	13_21
Studen 250	425_1200
Studen 306	52_80
Studen 317	351_486
Studen 330	63_480
Studen 378	31_34
Talbrt 10	1371_2400
Talbrt 103	21578_40280
Talbrt 106	21546_31830
Talbrt 107	27113_63300
Talbrt 11	1234_2160
Talbrt 111	24166_34272
Talbrt 112	14348_19656
Talbrt 113	18844_28105
Talbrt 115	23646_46305
Talbrt 212	7211_8540
Talbrt 214	13_15
Talbrt 220	1_2
Talbrt 221	10_17
Wende 101C	9_59
Wende 101E	5_19
Wende 102A	2_16
Wende 105	8_37
Wende 111	4009_10317
Wende 112	572_2400
Wende 114	24821_48024
Wende 24	1138_2100
Wende 26	20_20
Wende 301	284_900
Wende 303	6_36
Wende 310	13_49
Wende 311	1_15
Wende 312	4_12
Wende 314	3_11
Wende 316	22_22
Wende 323	0_19
Wende 326	2_30
Wende 402	976_1120
Wende B02	50_182
Wende B08	373_504
Wilksn 105	252_1072
Wilksn 106	2656_6876
Wilksn 106B	14_48
Wilksn 108	127_1022
Wilksn 110	31_85
Wilksn 111	88_170
Wilksn 112	30_110
Wilksn 113	87_168
Wilksn 114	81_165
Wilksn 115	45_105
Wilksn 116	26_83
Wilksn 117	43_126
Wilksn 118	75_169
Wilksn 119	48_101
Wilksn 120	67_163
Wilksn 121	83_159
Wilksn 122	23_63
Wilksn 123	20_81
Wilksn 124	70_167
Wilksn 125	2_6
Wilksn 132	17_52
Wilksn 135	3139_3990
Wilksn 140	12_24
Wilksn 144	4034_9375
Wilksn 145	3200_8730
Wilksn 145C	1777_3700
Wilksn 145H	1747_2825
Wilksn 151	61_112
Wilksn 155	5_540
Wilksn 212	0_16
Wilksn 301A	1_1
Wilksn 301F	0_11
